{"train/loss": 0.8775, "train/grad_norm": 81273.625, "train/learning_rate": 2.3869346733668342e-05, "train/epoch": 0.10351966873706005, "train/global_step": 50, "_timestamp": 1715833635.8932977, "_runtime": 7253.109546661377, "_step": 0}