{"train_runtime": 3475.4274, "train_samples_per_second": 0.115, "train_steps_per_second": 0.007, "total_flos": 8763703767859200.0, "train_loss": 1.0953357696533204, "train/epoch": 0.002070393374741201, "train/global_step": 1, "_timestamp": 1715904618.1707072, "_runtime": 19381.968371152878, "_step": 3, "train/loss": 0.6264, "train/grad_norm": 79621.4921875, "train/learning_rate": 2.5e-05}